segment,customers,avg_spend,blanket_cost,targeted_cost,targeted_gain,advantage
0,49014,26.300396302923936,193363.1436587271,128908.7624391514,193363.14365872706,386726.2873174541
1,8629,131.4581794071051,170152.89451558646,113435.26301039099,170152.8945155865,340305.789031173
2,43289,26.264167058853385,170542.42917160562,113694.95278107043,170542.42917160562,341084.85834321124
3,30277,71.25371499790587,323602.3093487394,215734.8728991596,323602.3093487394,647204.6186974788
